{
  "LayoutSet": {
    "Empty": "layout/Empty",
    "Title": "layout/Title",
    "BaseTitle": "layout/BaseTitle",
    "NotTitleContent": "layout/NotTitleContent",
    "TitleContent": "layout/TitleContent",
    "Loading": "layout/Loading",
    "Alone": "layout/Alone",
    "Row": "layout/Row",
    "MoreSearchLayout": "layout/MoreSearchLayout",
    "SearchLayout": "layout/SearchLayout",
    "Grid": "layout/Grid",
    "Content": "layout/Content",
    "Items": "layout/Items"
  },
  "CSet": {
    "Empty": "container/Empty",
    "Table": "container/List/Table",
    "ReportTable": "container/List/ReportTable",
    "TreeTable": "container/List/TreeTable",
    "ChildrenTable": "container/List/ChildrenTable",
    "TreeList": "container/List/TreeList",
    "AutoReport": "container/List/AutoReport",
    "TableSelect": "container/List/TableSelect",
    "ItemList": "container/List/ItemList",
    "Search": "container/Form/Search",
    "MoreSearch": "container/Form/MoreSearch",
    "AutoReportSearch": "container/Form/AutoReportSearch",
    "Form": "container/Form/Form",
    "ChildrenForm": "container/Form/ChildrenForm"
  },
  "LASet": {
    "onRequest": "listAction/onRequest",
    "onTips": "listAction/onTips",
    "onPath":"listAction/onPath"
  },
  "FITSet": {
    "switch":"formItemType/switch",
    "avatars":"formItemType/Avatars/Avatars",
    "videoview":"formItemType/VideoView/VideoView",
    "Space":"formItemType/Space",
    "plain": "formItemType/Plain",
    "image": "formItemType/Image",
    "empty": "formItemType/Empty",
    "hidden": "formItemType/Hidden",
    "group": "formItemType/Group",
    "input": "formItemType/Input",
    "search":"formItemType/Search",
    "inputType":"formItemType/InputType",
    "password": "formItemType/Password",
    "number": "formItemType/Number",
    "radio": "formItemType/Radio",
    "select": "formItemType/Select",
    "checkbox": "formItemType/Checkbox",
    "map": "formItemType/Map",
    "pcd": "formItemType/PCD",
    "captcha": "formItemType/Captcha",
    "tags": "formItemType/Tags",
    "download": "formItemType/Download",
    "json": "formItemType/JSON",
    "date": "formItemType/Date/date",
    "week": "formItemType/Date/week",
    "month": "formItemType/Date/month",
    "range": "formItemType/Date/range",
    "direct-upload": "formItemType/DirectUpload",
    "time-range": "formItemType/Time/TimeRange",
    "table-select": "formItemType/TableSelect",
    "modal-radio": "formItemType/ModalRadio",
    "modal-checkbox": "formItemType/ModalCheckbox",
    "upload-image": "formItemType/UploadImage",
    "upload-file": "formItemType/UploadFile",
    "checkbox-fetch": "formItemType/CheckboxFetch",
    "select-fetch": "formItemType/SelectFetch",
    "select-fetch-val":"formItemType/SelectFetchVal",
    "select-field": "formItemType/SelectField",
    "text-area": "formItemType/TextArea",
    "rich-text": "formItemType/RichText",
    "one-mary": "formItemType/OneMary",
    "number-range": "formItemType/NumberRange",
    "pcdm": "formItemType/PCDM",
    "pcdForSearch": "formItemType/PCDForSearch",
    "toptips":"formItemType/Toptips",
    "imageBox":"formItemType/ImageBox",
    "path":"formItemType/path",
    "TimeSelect":"formItemType/TimeSelect"
  },
  "AITSet": {
    "modal": "actionItemType/Modal",
    "request": "actionItemType/Request",
    "children-modal-add": "actionItemType/ChildrenModalAdd",
    "import": "actionItemType/Import",
    "import-modal": "actionItemType/ImportModal",
    "export": "actionItemType/Export",
    "table-checkbox": "actionItemType/TableCheckbox"
  },
  "VTSet": {
    "index": "valueType/index",
    "video":"valueType/Video",
    "plain": "valueType/plain",
    "join": "valueType/join",
    "map": "valueType/map",
    "image": "valueType/image",
    "thumb":"valueType/thumb",
    "tag": "valueType/tag",
    "dot": "valueType/dot",
    "currency": "valueType/currency",
    "percentage": "valueType/percentage",
    "url": "valueType/url",
    "download": "valueType/download",
    "ellipsis": "valueType/ellipsis",
    "complex": "valueType/complex",
    "count-down": "valueType/countDown",
    "input-number": "valueType/inputNumber",
    "input-text": "valueType/inputText",
    "input-select": "valueType/inputSelect",
    "input-select-fetch": "valueType/inputSelectFetch"
  }
}